class_id,class_code,support,precision,recall,f1,true_positives,false_positives,false_negatives,most_frequent_confusion_class,most_frequent_confusion_count,mean_calibrated_confidence_correct,mean_calibrated_confidence_incorrect,high_confidence_error_count,limitation
0,basophil,94,0.967032967032967,0.9361702127659575,0.9513513513513513,88,3,6,neutrophil_segmented,3,0.9787755266509273,0.751833438873291,2,
1,eosinophil,365,0.9944903581267218,0.989041095890411,0.9917582417582418,361,2,4,myeloblast,2,0.9943795227277973,0.495900422334671,0,
2,neutrophil_band,103,0.7281553398058253,0.7281553398058253,0.7281553398058251,75,28,28,neutrophil_segmented,15,0.8586911058425903,0.6943722899471011,6,
3,neutrophil_segmented,1063,0.9794584500466853,0.9868297271872061,0.9831302717900656,1049,22,14,neutrophil_band,13,0.9819667688770676,0.6561866870948246,0,
4,monocyte,365,0.946927374301676,0.9287671232876712,0.937759336099585,339,19,26,lymphocyte_typical,10,0.9512007333184413,0.6814979108480307,4,
5,lymphocyte_typical,842,0.9003516998827668,0.9121140142517815,0.9061946902654867,768,85,74,lymphocyte_large_granular,28,0.9180907013748462,0.6811704393979665,6,
6,lymphocyte_reactive,4,0.0,0.0,0.0,0,0,4,lymphocyte_typical,3,,0.7262567728757858,1,low_support
7,lymphocyte_large_granular,319,0.8927444794952681,0.8871473354231975,0.8899371069182389,283,34,36,lymphocyte_typical,33,0.9252601562877426,0.6963653266429901,7,
8,lymphocyte_neoplastic_other,24,0.6111111111111112,0.4583333333333333,0.5238095238095238,11,7,13,lymphocyte_typical,12,0.8392366658557545,0.6190560551790091,1,low_support
9,hairy_cell,487,0.9755600814663951,0.9835728952772074,0.9795501022494887,479,12,8,lymphocyte_typical,7,0.9864902471450774,0.6124959662556648,3,
10,plasma_cell,262,0.9885931558935361,0.9923664122137404,0.9904761904761904,260,3,2,myeloblast,1,0.9907602252868506,0.5800591260194778,0,
11,smudge_cell,143,0.9366197183098591,0.9300699300699301,0.9333333333333333,133,9,10,myeloblast,7,0.9728016920555803,0.8377663969993592,5,
12,myeloblast,1247,0.9674344718030182,0.9767441860465116,0.9720670391061451,1218,41,29,lymphocyte_typical,14,0.9745591270855103,0.7267462631751751,7,
13,promyelocyte,89,0.7471264367816092,0.7303370786516854,0.7386363636363638,65,22,24,myelocyte,22,0.7887003944470332,0.6283278415600458,1,
14,promyelocyte_atypical,300,0.9931740614334471,0.97,0.9814502529510961,291,2,9,promyelocyte,4,0.968592638617119,0.5950851539770762,1,
15,myelocyte,107,0.6581196581196581,0.719626168224299,0.6874999999999999,77,40,30,promyelocyte,17,0.7511112821566595,0.5998093644777934,2,
16,metamyelocyte,65,0.75,0.6923076923076923,0.7199999999999999,45,15,20,myelocyte,11,0.7662737846374512,0.63531264513731,3,
17,normoblast,317,0.9903225806451613,0.9684542586750788,0.9792663476874003,307,3,10,lymphocyte_typical,4,0.994626270831602,0.7834940999746323,6,
