image_id,image_path,true_class,predicted_class,confidence
fcd753ef69c7ce70631b797fabc1ea9751f7f6814886bd7b4672d13d92452b77,basophil/basophil/basophil_0210.TIF,basophil,eosinophil,0.9697861075401306
b5a025db079706a1308490b75535160a593e544d256838e1ef841dde437715c5,basophil/basophil/basophil_0243.TIF,basophil,neutrophil_segmented,0.9224582314491272
568045158c17c7bebe68a182062d99e1ca958f19201c0422c8ff326b87c6c69c,hairy_cell/hairy_cell/hairy_cell_1504.TIF,hairy_cell,lymphocyte_typical,0.9965319633483887
2bcbcf7995096cb35d945a5fcf53f113803b0ce85e145a12e8d3da0130b522ac,hairy_cell/hairy_cell/hairy_cell_2147.TIF,hairy_cell,lymphocyte_typical,0.9717513918876648
07d1f23e3d0c64ed9ecc61988d73aff58b502d4054d8ea979eb669fd39a1c330,hairy_cell/hairy_cell/hairy_cell_2852.TIF,hairy_cell,smudge_cell,0.9460803866386414
49d6b407322fa9306cd341c7f62b0b127b4a8a8798315dd3d50ca656afeaf0e5,lymphocyte/lymphocyte/lymphocyte_0780.TIF,lymphocyte_typical,monocyte,0.9568763971328735
13d4562c7e25d3eeb5f652c3854fa75a80a017e07cdb9c202a566627f6f6cf50,lymphocyte/lymphocyte/lymphocyte_0863.TIF,lymphocyte_typical,myeloblast,0.917112410068512
09eac33e3fbc90f890733da27031d541bb42cd6fd2f2dd82f38fc63655d84a58,lymphocyte/lymphocyte/lymphocyte_1002.TIF,lymphocyte_typical,myeloblast,0.939892053604126
8f1dfd3990eb872de01be38d59b9de5fc7974b974919927ebd5c008354e7429f,lymphocyte/lymphocyte/lymphocyte_1299.TIF,lymphocyte_typical,myeloblast,0.9076911211013794
d5f6cfcb366c49446bc4939efd8b207aa660ea8cf294b2c4e48e035d6b8cefa2,lymphocyte/lymphocyte/lymphocyte_4891.TIF,lymphocyte_typical,myeloblast,0.9725379943847656
83a74f1dc12d9845a3021bc1c677651d40d69177f0008c8b75e9f1292bfcb3a8,lymphocyte/lymphocyte/lymphocyte_5499.TIF,lymphocyte_typical,lymphocyte_large_granular,0.9244992733001709
b7fedb227c5076c526b15201cf1b9aaed4d1ae3ad63dd40ddd095fe866e619cc,lymphocyte_large_granular/lymphocyte_large_granular/lymphocyte_large_granular_0142.TIF,lymphocyte_large_granular,myeloblast,0.9104796051979065
906931b8a90ba40ba230ca70523344ceb2a9c02e4f8a7c29037b08b0cbce4c39,lymphocyte_large_granular/lymphocyte_large_granular/lymphocyte_large_granular_0372.TIF,lymphocyte_large_granular,lymphocyte_typical,0.9465792179107666
4649f178c0415759b7dda888e00f429134c414cbbedbf871597449327b90a506,lymphocyte_large_granular/lymphocyte_large_granular/lymphocyte_large_granular_0564.TIF,lymphocyte_large_granular,lymphocyte_typical,0.9774664044380188
48be3fedcbab60dd7103d7bcd8ef41d8d47bae777b820558649d73727a6b60bb,lymphocyte_large_granular/lymphocyte_large_granular/lymphocyte_large_granular_1047.TIF,lymphocyte_large_granular,lymphocyte_typical,0.932096540927887
04f86f948e5e7592666cdfae7c96aed755ca3aed4158ac2ef24565c1720911bc,lymphocyte_large_granular/lymphocyte_large_granular/lymphocyte_large_granular_1108.TIF,lymphocyte_large_granular,lymphocyte_typical,0.9517713189125061
7ce4b23f7d34f37a91b19a1fb0688721bc14e38fd9e227c333d1c2f777ba5e49,lymphocyte_large_granular/lymphocyte_large_granular/lymphocyte_large_granular_1401.TIF,lymphocyte_large_granular,lymphocyte_typical,0.9468919038772583
597b525c03eca4538310b9689fdead832c455d2e4db3a95b9e53b5d2e573ce8c,lymphocyte_large_granular/lymphocyte_large_granular/lymphocyte_large_granular_1780.TIF,lymphocyte_large_granular,lymphocyte_typical,0.9255349040031433
a51f80c1418f0918f233edb23aa285211f3afc1cac67384180168f4bab37fbc9,lymphocyte_neoplastic/lymphocyte_neoplastic/lymphocyte_neoplastic_0080.TIF,lymphocyte_neoplastic_other,lymphocyte_typical,0.9120818972587585
54afa3c94113a0f0f0c7db921f8caf0beaf79f13c5c85b87f77fd61a46e22270,lymphocyte_reactive/lymphocyte_reactive/lymphocyte_reactive_0013.TIF,lymphocyte_reactive,lymphocyte_typical,0.9669969081878662
e6e7d5b9d2eae083c5221f123000752093f7b547e4a8532793564334b3705b26,metamyelocyte/metamyelocyte/metamyelocyte_0114.TIF,metamyelocyte,neutrophil_band,0.9244328737258911
450dec372c8a85685750b198b78a74c14e09a3125e1c5b864b9c243211e6c07a,metamyelocyte/metamyelocyte/metamyelocyte_0224.TIF,metamyelocyte,neutrophil_band,0.9829366207122803
c12cd2496e73a2fe486b5c7a943102ca397f56646af4047826eaa74f7208ac82,metamyelocyte/metamyelocyte/metamyelocyte_0381.TIF,metamyelocyte,myelocyte,0.931005597114563
3b6e07da750458c09023570b0bc38ed1214916fb873bed52f65bff35c2258db2,monocyte/monocyte/monocyte_0578.TIF,monocyte,hairy_cell,0.9910153746604919
0697cd516d23f7d1ec78e7cbf41d90e8c95acc360314a158c90234ee338c10bf,monocyte/monocyte/monocyte_0785.TIF,monocyte,neutrophil_segmented,0.9684467315673828
9b7c7d2e39221c62293c537115b245cd6ff25dfa17e13bcced407579fcc90598,monocyte/monocyte/monocyte_1538.TIF,monocyte,lymphocyte_typical,0.9210230708122253
020bca31f288747b3848d402724fa735deebfcf3416df8888e8de13e696b0f82,monocyte/monocyte/monocyte_1698.TIF,monocyte,hairy_cell,0.9817106127738953
11ae93697deb45522398890af91d6acab7119f3c8fc6e261b9e69d599f1ab306,myeloblast/myeloblast/myeloblast_1528.TIF,myeloblast,smudge_cell,0.9344828724861145
7c69e392cfa9aaa81ae1647286144cef54d888b785132cf0b4f6eec18fc7867c,myeloblast/myeloblast/myeloblast_2045.TIF,myeloblast,monocyte,0.9958030581474304
4370316b0b05ce22294f2f3119efa4e37b64aa743454ba69e00b38fe6480bfaf,myeloblast/myeloblast/myeloblast_3292.TIF,myeloblast,lymphocyte_typical,0.9386138916015625
aeab9ed08093bd0eea1a2642a74f017c1212943f90d1f2df11f201c77b09c1d2,myeloblast/myeloblast/myeloblast_5249.TIF,myeloblast,hairy_cell,0.9980968832969666
a34315496341693c4b1fd1d33adb256b426985acf938d275ad2a68f54b5b8d8b,myeloblast/myeloblast/myeloblast_5971.TIF,myeloblast,lymphocyte_typical,0.913246750831604
76860f5ccb4173a99d4d0fd26116fb18a5192202fd6da8d94ce4fd8ad76c460d,myeloblast/myeloblast/myeloblast_6591.TIF,myeloblast,lymphocyte_typical,0.965596079826355
9de12c35acac9c0817dcd0ce2f7f9256046b7b09dfb6c516a74ef1cb8fe18427,myeloblast/myeloblast/myeloblast_8002.TIF,myeloblast,lymphocyte_typical,0.9219589829444885
e3e862d369c8acb0cc7bfbd4c6d90578656e6a4dbd368db7e9a02a2e01ec7f68,myelocyte/myelocyte/myelocyte_0270.TIF,myelocyte,promyelocyte,0.9146938323974609
db1452e35a80a189f0d4324be62e1a7399b26cbe3df253ec3502dd2e241bc266,myelocyte/myelocyte/myelocyte_0366.TIF,myelocyte,metamyelocyte,0.9109491109848022
18716d4871f81ce1e40c17f096bc14214cc6e404f374e6f463f7d9cc4f10ae09,neutrophil_band/neutrophil_band/neutrophil_band_0134.TIF,neutrophil_band,neutrophil_segmented,0.997978150844574
b65e058414793da7e36604b9e557ebc7e20aa53572766c29a2f73f30ec4ba6bd,neutrophil_band/neutrophil_band/neutrophil_band_0221.TIF,neutrophil_band,myelocyte,0.9240751266479492
f22c39a45358c9dc5e9a5dd6a2940c68a8351e70f6754b0d81221de4b49179f8,neutrophil_band/neutrophil_band/neutrophil_band_0329.TIF,neutrophil_band,neutrophil_segmented,0.9910719990730286
e41b2e57f520d6d65dc66a9b45faae1b33c09c1247536f9a173a2c86967bd2a1,neutrophil_band/neutrophil_band/neutrophil_band_0333.TIF,neutrophil_band,metamyelocyte,0.9584346413612366
1dbb91a7cf02d150c5b3027f1f7ff8bc53ec3890689b86162eed0a9b399ea243,neutrophil_band/neutrophil_band/neutrophil_band_0550.TIF,neutrophil_band,neutrophil_segmented,0.9143797159194946
244754eb240b12f68183d8e15b871ea34b475b6264bcd225a287c35a8d60e5cf,neutrophil_band/neutrophil_band/neutrophil_band_0642.TIF,neutrophil_band,neutrophil_segmented,0.9390230178833008
b7e85cdfef242b05ca82078d404ba514e514685cbb7ba53947a975a0808f9790,normoblast/normoblast/normoblast_0043.TIF,normoblast,lymphocyte_typical,0.9895379543304443
625ce278d2eef76cd2896e81555e45176b71bffb4109749a3ed1cfc472773e40,normoblast/normoblast/normoblast_0363.TIF,normoblast,lymphocyte_typical,0.9629136323928833
1002c6f01587ae1e9fcc6cd9d2a1a0a8a0065a5a636a4ec0615a8da242f76744,normoblast/normoblast/normoblast_0372.TIF,normoblast,lymphocyte_typical,0.9728913903236389
f1793f067fb7c4abd42634fb16ab1eba046b5208c965dfadc2c8939e44d91445,normoblast/normoblast/normoblast_0940.TIF,normoblast,hairy_cell,0.9705607295036316
210c854fae1f8dd7f62916ccec9f0cb2824ff29144e26442a17e332780014c27,normoblast/normoblast/normoblast_1591.TIF,normoblast,hairy_cell,0.9475702047348022
874e3d25215127f4611a4250b278befe7ddb68a4b2d4dc75411294a95a6d904f,normoblast/normoblast/normoblast_1652.TIF,normoblast,myeloblast,0.9696680307388306
05d2a48f83ffff5eafc4a87a2e28802324a5352a887362380973949fd62bfe57,promyelocyte/promyelocyte/promyelocyte_0742.TIF,promyelocyte,myelocyte,0.9568174481391907
abac1ff21a95a2743a96e9bd34ddd0c88e5bf0616d782f82b73fc6896b905369,promyelocyte_atypical/promyelocyte_atypical/promyelocyte_atypical_0093.TIF,promyelocyte_atypical,myeloblast,0.9848789572715759
b4f20cc441bf4e619ce1da0d8e31045080743080997a8f4897cc495506f1f646,smudge_cell/smudge_cell/smudge_cell_0046.TIF,smudge_cell,lymphocyte_typical,0.905834972858429
3cced61cbe142c916955918bc60ebe5a495ea88caff5b00f2ad3e4918c68c639,smudge_cell/smudge_cell/smudge_cell_0208.TIF,smudge_cell,neutrophil_segmented,0.9951639175415039
3a2addf60a5c54977ec6425f43ff0f978932c33fd35a8093d2259f67a6f75cb1,smudge_cell/smudge_cell/smudge_cell_0232.TIF,smudge_cell,myeloblast,0.9358239769935608
e2c05001467d30427ad704f40bb39d7ccf46528ddfe83cf25f65747419cdf32a,smudge_cell/smudge_cell/smudge_cell_0768.TIF,smudge_cell,myeloblast,0.933044970035553
5bdc40926d3897aa522b20dd7b3a9470f5b3fdbeaa7afe00413a5ff029cc16b1,smudge_cell/smudge_cell/smudge_cell_0910.TIF,smudge_cell,myeloblast,0.9405299425125122
