class_code,basophil,eosinophil,neutrophil_band,neutrophil_segmented,monocyte,lymphocyte_typical,lymphocyte_reactive,lymphocyte_large_granular,lymphocyte_neoplastic_other,hairy_cell,plasma_cell,smudge_cell,myeloblast,promyelocyte,promyelocyte_atypical,myelocyte,metamyelocyte,normoblast
basophil,88,1,0,3,0,0,0,0,0,1,0,0,0,0,0,1,0,0
eosinophil,1,361,0,1,0,0,0,0,0,0,0,0,2,0,0,0,0,0
neutrophil_band,0,0,75,15,1,0,0,0,0,0,0,0,1,1,0,3,7,0
neutrophil_segmented,0,0,13,1049,0,0,0,0,0,0,0,1,0,0,0,0,0,0
monocyte,0,0,4,2,339,10,0,2,1,4,0,0,1,0,0,0,1,1
lymphocyte_typical,0,1,0,0,10,768,0,28,5,3,0,2,24,0,0,0,0,1
lymphocyte_reactive,0,0,0,0,1,3,0,0,0,0,0,0,0,0,0,0,0,0
lymphocyte_large_granular,0,0,0,0,0,33,0,283,0,0,1,1,1,0,0,0,0,0
lymphocyte_neoplastic_other,0,0,0,0,1,12,0,0,11,0,0,0,0,0,0,0,0,0
hairy_cell,0,0,0,0,0,7,0,0,0,479,0,1,0,0,0,0,0,0
plasma_cell,0,0,0,0,0,0,0,0,0,0,260,0,1,0,0,0,0,1
smudge_cell,0,0,0,1,0,2,0,0,0,0,0,133,7,0,0,0,0,0
myeloblast,0,0,0,0,4,14,0,3,1,1,1,4,1218,0,0,1,0,0
promyelocyte,0,0,0,0,0,0,0,0,0,0,0,0,0,65,2,22,0,0
promyelocyte_atypical,0,0,0,0,1,0,0,0,0,0,0,0,2,4,291,2,0,0
myelocyte,2,0,2,0,1,0,0,1,0,0,0,0,0,17,0,77,7,0
metamyelocyte,0,0,9,0,0,0,0,0,0,0,0,0,0,0,0,11,45,0
normoblast,0,0,0,0,0,4,0,0,0,3,1,0,2,0,0,0,0,307
