bin_index,low,high,count,accuracy,confidence,absolute_gap,weight
0,0.0,0.06666666666666667,0,0.0,0.0,0.0,0.0
1,0.06666666666666667,0.13333333333333333,0,0.0,0.0,0.0,0.0
2,0.13333333333333333,0.2,0,0.0,0.0,0.0,0.0
3,0.2,0.26666666666666666,2,0.0,0.2544979006052017,0.2544979006052017,0.00032278889606197545
4,0.26666666666666666,0.3333333333333333,10,0.4,0.3129099547863007,0.08709004521369934,0.0016139444803098773
5,0.3333333333333333,0.4,22,0.5,0.3645391355861317,0.1354608644138683,0.0035506778566817302
6,0.4,0.4666666666666667,29,0.3793103448275862,0.44303155561973306,0.06372121079214688,0.004680438992898645
7,0.4666666666666667,0.5333333333333333,104,0.5192307692307693,0.5061035339648907,0.013127235265878556,0.016785022595222725
8,0.5333333333333333,0.6,106,0.5283018867924528,0.563110037232345,0.03480815043989216,0.0171078114912847
9,0.6,0.6666666666666666,113,0.6194690265486725,0.6345567028079413,0.015087676259268767,0.018237572627501614
10,0.6666666666666666,0.7333333333333333,117,0.6923076923076923,0.6986859873828725,0.006378295075180174,0.018883150419625565
11,0.7333333333333333,0.8,162,0.7716049382716049,0.7689460276821514,0.002658910589453556,0.026145900581020013
12,0.8,0.8666666666666667,172,0.872093023255814,0.8348115062297776,0.037281517026036326,0.02775984506132989
13,0.8666666666666667,0.9333333333333333,315,0.8857142857142857,0.9044925986774384,0.018778312963152688,0.050839251129761134
14,0.9333333333333333,1.0,5044,0.992862807295797,0.9924539176482798,0.0004088896475171744,0.8140735958683021
